Database	Accession	Identifier	Name	Description	Regex
ELM	ELME000429	MOD_CDK_SPK_2	CDK Phosphorylation Site	Short version of the CDK phosphorylation site which shows specificity towards a lysine/arginine residue at the [ST] +2 position.	...([st])P[RK]
ELM	ELME000153	MOD_CDK_SPxK_1	CDK Phosphorylation Site	Canonical version of the CDK phosphorylation site which shows specificity towards a lysine/arginine residue at the [ST]+3 position.	...([st])P.[KR]
ELM	ELME000428	MOD_CDK_SPxxK_3	CDK Phosphorylation Site	Longer version of the CDK phosphorylation site which shows specificity towards a lysine/arginine residue at position +4 after the phospho-Ser/Thr	...([st])P..[RK]
ELM	ELME000063	MOD_CK1_1	Casein kinase 1 (CK1) Phosphorylation site	CK1 phosphorylation site	S..([st])...
ELM	ELME000064	MOD_CK2_1	Casein kinase 2 (CK2) Phosphorylation site	Casein kinase 2 (CK2) phosphorylation site	...([st])..E
ELM	ELME000461	MOD_DYRK1A_RPxSP_1	MOD_DYRK1A_RPxSP_1	Serine/Threonine residue phosphorylated by Argininine and Proline directed DYRK1A kinase.	R[PSVA].([st])P
ELM	ELME000053	MOD_GSK3_1	GSK3 phosphorylation site	GSK3 phosphorylation recognition site	...([st])...[ST]
ELM	ELME000334	MOD_LATS_1	LATS kinase phosphorylation motif	The LATS phosphorylation motif is recognised by the LATS kinases for Ser/Thr phosphorylation. Substrates are often found toward the end of the Hippo signalling pathway.	H.[KR]..([st])[^P]
ELM	ELME000336	MOD_NEK2_1	NEK2 phosphorylation site	NEK2 phosphorylation motif with preferred Phe, Leu or Met in the -3 position to compensate for less favorable residues in the +1 and +2 position.	[FLM][^P][^P]([st])[^DEP][^DE]
ELM	ELME000337	MOD_NEK2_2	NEK2 phosphorylation site	NEK2 phosphorylation motif with specific set of residues in the +1 and +2 position to compensate for less favorable residues in the -3 position.	[WYPCAG][^P][^P]([st])[IFCVML][KRHYF]
ELM	ELME000202	MOD_PIKK_1	PIKK phosphorylation site	(ST)Q motif which is phosphorylated by PIKK family members.	...([st])Q..
ELM	ELME000065	MOD_PK_1	PK Phosphorylation site	Phosphorylase kinase phosphorylation site	[RK]..(s)[VI]..
ELM	ELME000008	MOD_PKA_1	PKA Phosphorylation site	Main preference for PKA-type AGC kinase phosphorylation.	[RK][RK].([st])[^P]..
ELM	ELME000062	MOD_PKA_2	PKA Phosphorylation site	Secondary preference for PKA-type AGC kinase phosphorylation.	.R.([st])[^P]..
ELM	ELME000061	MOD_PKB_1	PKB Phosphorylation site	PKB Phosphorylation site	R.R..([st])[^P]..
ELM	ELME000444	MOD_Plk_4	Polo-like kinase phosphosites	Ser/Thr residue phosphorylated by Plk4	..[^IRFW]([st])[ILMVFWY][ILMVFWY].
ELM	ELME000159	MOD_ProDKin_1	MAPK Phosphorylation Site	Proline-Directed Kinase (e.g. MAPK) phosphorylation site in higher eukaryotes.	...([st])P..
ELM	ELME000013	MOD_TYR_CSK	TYR phosphorylation site	Members of the non-receptor tyrosine kinase Csk family phosphorylate the C-terminal tyrosine residues of the Src family.	[TAD][EA].Q(y)[QE].[GQA][PEDLS]
ELM	ELME000092	MOD_TYR_DYR	TYR phosphorylation site	The kinase activity of the DYRK (dual specificity kinase) is dependent on the autophosphorylation of the YXY motif in the activation loop.	..[RKTC][IVL]Y[TQHS](y)[IL]QSR
HPRD		HPRD_AKT_1	Akt kinase substrate motif		R.R..([st])[FL]
HPRD		HPRD_AKT_2	Akt kinase substrate motif		R.R..([st])
HPRD		HPRD_AKT_3	Akt kinase substrate motif		GRART[ST]([s])[FAE]
HPRD		HPRD_AKT_4	Akt kinase substrate motif		[RQK][RKNQPH][RK][RST][NKQHDP]([s])[FWIMNS][STH][RSK][STPQ]
HPRD		HPRD_AKT_5	Akt kinase substrate motif		[RK].[RK][ST].([s])
HPRD		HPRD_AMPK_1	AMP-activated protein kinase substrate motif		[MVLIF][RKH]...([st])...[MVLIF]
HPRD		HPRD_AMPK_2	AMP-activated protein kinase substrate motif		[MVLI]..[RKH].([st])...[MVLI]
HPRD		HPRD_AMPK_3	AMP-activated protein kinase substrate motif		[MVLIF][RKH]..([st])...[MVLIF]
HPRD		HPRD_AMPK2_1	AMP-activated protein kinase 2 substrate motif		[RK].R..([s])...[RK]
HPRD		HPRD_ATM_1	ATM kinase substrate motif		[PLIM].[LIDE]([s])Q
HPRD		HPRD_ATM_2	ATM kinase substrate motif		L([s])QE
HPRD		HPRD_ATM_3	ATM kinase substrate motif		([s])Q
HPRD		HPRD_AURKA_1	Aurora-A kinase substrate motif		[RKN]R.([st])[MLVI]
HPRD		HPRD_bARK_1	b-Adrenergic Receptor kinase substrate motif		[DE]([st])...
HPRD		HPRD_BCKDC_1	Branched chain alpha-ketoacid dehydrogenase kinase substrate motif		H([s])TSDD
HPRD		HPRD_BCKDC_2	Branched chain alpha-ketoacid dehydrogenase kinase substrate motif		YR([s])VDE
HPRD		HPRD_CAMK1_1	Calmodulin-dependent protein kinase I substrate motif		[MVLIF].R..([st])...[MVLIF]
HPRD		HPRD_CAMK2a_1	Calmodulin-dependent protein kinase II alpha substrate motif		[MILVFY].R..([st])[MILVFY]
HPRD		HPRD_CAMK2_1	Calmodulin-dependent protein kinase II substrate motif		R..([st])
HPRD		HPRD_CAMK2_2	Calmodulin-dependent protein kinase II substrate motif		[KF][RK][QM][QMKLF]([s])[FIMLV][DEI][LMKI][FK]
HPRD		HPRD_CAMK2_3	Calmodulin-dependent protein kinase II substrate motif		[MVLIF].[RK]..([st])..
HPRD		HPRD_CAMK2_4	Calmodulin-dependent protein kinase II substrate motif		R..([s])
HPRD		HPRD_CAMK4_1	Calmodulin-dependent protein kinase IV substrate motif		VPGKARKK([s])SCQLL
HPRD		HPRD_CAMK4_2	Calmodulin-dependent protein kinase IV substrate motif		PLARTL([s])VAGLP
HPRD		HPRD_CAMK4_3	Calmodulin-dependent protein kinase IV substrate motif		[MILVFY].R..([st])
HPRD		HPRD_CDK1d_1	Casein kinase I delta substrate motif		E[FE]D[TAG]G([s])I[IFYG][IGF][FG][FPL]
HPRD		HPRD_CDK1g_1	Casein kinase I gamma substrate motif		Y[YE][DY][AD][AG]([s])I[IYFG][IGF][FG][FPL]
HPRD		HPRD_CDK1_1	Casein kinase I substrate motif		[DE]..([st])
HPRD		HPRD_CDK2_1	Casein kinase II substrate motif		[EDA][DE][ED][ED]([s])[EDA][DEA][ED][ED]
HPRD		HPRD_CDK2_2	Casein kinase II substrate motif		([s]).[EST]
HPRD		HPRD_CDK2_3	Casein kinase II substrate motif		([s])..[EST]
HPRD		HPRD_CDK2_4	Casein kinase II substrate motif		([st])..[ED]
HPRD		HPRD_CDK2_5	Casein kinase II substrate motif		([s])D.E
HPRD		HPRD_CDK2_6	Casein kinase II substrate motif		([s])..[ED]
HPRD		HPRD_CDK2_7	Casein kinase II substrate motif		([s])[DE].[DE].[DE]
HPRD		HPRD_CDK2_8	Casein kinase II substrate motif		[DE]([s])[DE].[DE]
HPRD		HPRD_CDK2_9	Casein kinase II substrate motif		([s])[DE][DE][DE]
HPRD		HPRD_CDK2_10	Casein kinase II substrate motif		([st])..[DE]
HPRD		HPRD_CDK2_11	Casein kinase II substrate motif		([st])..[EDSY]
HPRD		HPRD_CDK2_12	Casein kinase II substrate motif		[SEPG][DSNEP][EDGQW][YEDSWT][WED]([s])[DE][DEWN][ED][EDNQ]
HPRD		HPRD_CDC2_1	Cdc2 kinase substrate motif		[RK]([s])P[RP][RKH]
HPRD		HPRD_CDC2_2	Cdc2 kinase substrate motif		([st])P.[RK]
HPRD		HPRD_CDC2_3	Cdc2 kinase substrate motif		HHH[RK]([s])PR[RK]R
HPRD		HPRD_CDC2L_3	Cdc2 like protein kinase substrate motif		P.([st])PKK.KK
HPRD		HPRD_CDK1/2/4/6_1	CDK1,2,4,6 kinase substrate motif		([st])P.[RK]
HPRD		HPRD_CDK_2	CDK kinase substrate motif		([s])P.[RK].
HPRD		HPRD_CDK4_1	CDK4 kinase substrate motif		PL([st])PIP[KRH]
HPRD		HPRD_CDK4_2	CDK4 kinase substrate motif		PL([st])P.[KRH]
HPRD		HPRD_CDK5_1	CDK5 kinase substrate motif		([t])P.K
HPRD		HPRD_CDK5_2	CDK5 kinase substrate motif		[KHG]H[HP][KGH]([s])P[RK][HRK][RHK]
HPRD		HPRD_CDK5_3	CDK5 kinase substrate motif		[ST]PG([st])PGTP
HPRD		HPRD_CHK1_1	Chk1 kinase substrate motif		[MILV].[RK]..([st])
HPRD		HPRD_CLK1_1	CLK1 kinase substrate motif		R..([st])..R
HPRD		HPRD_CLK1/2_1	CLK1,2 kinase substrate motif		[RK].[RK].[RK].([s])..R
HPRD		HPRD_CLK2_1	CLK2 kinase substrate motif		R[RH][RH][RE]RE[RH]([s])R[RD]L
HPRD		HPRD_DMPK1_1	DMPK1 kinase substrate motif		KK.RR([t])[LV].
HPRD		HPRD_DMPK1_2	DMPK1 kinase substrate motif		KKR.R([t])[LV].
HPRD		HPRD_DMPK1_3	DMPK1 kinase substrate motif		[RK].RR.([st])[LV].
HPRD		HPRD_DMPK1/2_1	DMPK1,2 kinase substrate motif		R..([st])[LV]R
HPRD		HPRD_DNA-PK_1	DNA dependent Protein kinase substrate motif		.([s])Q
HPRD		HPRD_DNA-PK_2	DNA dependent Protein kinase substrate motif		P([st]).
HPRD		HPRD_CLK2_1	DOA/CDC-like kinase 2 substrate motif		R[RK]R[ER]R[EA][HR]([s])RR[RD][LE]
HPRD		HPRD_DCLK1_1	Doublecortin kinase-1 kinase substrate motif		[ILVFM]RR..([st])[ILMVF]
HPRD		HPRD_eIF2_1	elF2 alpha kinase substrate motif		E.([s]).R..R
HPRD		HPRD_ERK1_1	ERK1 kinase substrate motif		[TPS][GPEY][PLI][LMP]([s])P[GPF][PFGY][FYI]
HPRD		HPRD_ERK1_2	ERK1 kinase substrate motif		([t])EY
HPRD		HPRD_ERK1/2_1	ERK1,2 kinase substrate motif		P.([st])PP
HPRD		HPRD_ERK1/2_2	ERK1,2 kinase substrate motif		..P.([st])PPP.
HPRD		HPRD_ERK1/2_3	ERK1,2 kinase substrate motif		P.([st])P
HPRD		HPRD_ERK1/2_4	ERK1,2 kinase substrate motif		([s])P
HPRD		HPRD_ERK1/2/SAPK/CDK5/GSK3_1	ERK1, ERK2, SAPK, CDK5 and GSK3 kinase substrate motif		K([s])PP
HPRD		HPRD_ERK2_1	ERK2 kinase substrate motif		[DYWE]C[PSCE][PCSLTV][LMT]([s])[PA][TSGRCF][WPS][WF]
HPRD		HPRD_GRK1_1	G protein-coupled receptor kinase 1 substrate motif		..([st])E
HPRD		HPRD_GRK1_2	G protein-coupled receptor kinase 1 substrate motif		.([st])...[APST]
HPRD		HPRD_HIK_1	Growth associated histone HI kinase substrate motif		[ST]([st])P.[KR]
HPRD		HPRD_HIK_2	Growth associated histone HI kinase substrate motif		[KR]([st])P
HPRD		HPRD_HIK_3	Growth associated histone HI kinase substrate motif		([st])P[KR]
HPRD		HPRD_GSK3_1	GSK3 kinase substrate motif		([s])...S
HPRD		HPRD_GSK3/ERK1/2/CDK5_1	GSK3, Erk1, Erk2 and CDK5 kinase motif		P.([t])P
HPRD		HPRD_GSK3/ERK1/2/CDK5_2	GSK-3, ERK1, ERK2, CDK5 substrate motif		R..([s])PV
HPRD		HPRD_GSK3/ERK1/2/CDK5_3	GSK-3, ERK1, ERK2, CDK5 substrate motif		K([st])P.K
HPRD		HPRD_GSK3/ERK1/2/CDK5_4	GSK-3, ERK1, ERK2, CDK5 substrate motif		K([s])P...K
HPRD		HPRD_GSK3/ERK1/2/CDK5_5	GSK-3, ERK1, ERK2, CDK5 substrate motif		K([s])P..K
HPRD		HPRD_GSK3/ERK1/2/CDK5_6	GSK-3, ERK1, ERK2, CDK5 substrate motif		K([s])P....K
HPRD		HPRD_GSK3/ERK1/2/CDK5_7	GSK-3, ERK1, ERK2, CDK5 substrate motif		K([t])PAKEE
HPRD		HPRD_GSK3/ERK1/2/CDK5_8	GSK-3, ERK1, ERK2, CDK5 substrate motif		P.([s])P
HPRD		HPRD_GSK3/ERK1/2/CDK5_9	GSK-3, ERK1, ERK2, CDK5 substrate motif		.([st])P
HPRD		HPRD_GSK3/ERK1/2/CDK5_10	GSK-3, ERK1, ERK2, CDK5 substrate motif		..([s])P
HPRD		HPRD_HMGCoA_1	HMGCoA Reductase kinase substrate motif		[MLVIF][RKH]..([s])...[MLVIF]
HPRD		HPRD_JNK1_1	JNK1 kinase substrate motif		GP[QM]([s])PI
HPRD		HPRD_LKB1_1	LKB1 kinase substrate motif		LR([t])
HPRD		HPRD_MAPKAPK1_1	MAPKAPK1 kinase substrate motif		[RK].R..([s])
HPRD		HPRD_MAPKAPK1_2	MAPKAPK1 kinase substrate motif		RRR.([s])
HPRD		HPRD_MAPKAPK2_1	MAPKAPK2 kinase substrate motif		[LFI]...R[QST]L([st])[MLIV]
HPRD		HPRD_MAPKAPK2_2	MAPKAPK2 kinase substrate motif		..[ND].R..([s])..
HPRD		HPRD_MAPKAPK2_3	MAPKAPK2 kinase substrate motif		S...([st])
HPRD		HPRD_MAPK11/13/14_1	MAPK 11,13,14 kinase substrate motif		([t])[GPE]Y
HPRD		HPRD_MEKK_1	MEKK kinase substrate motif		RRFG([s])[ND]RRF
HPRD		HPRD_MEKK_2	MEKK kinase substrate motif		RRFG([s])[MLVIF]RR[MLVIF]
HPRD		HPRD_MLCK_1	MLCK kinase substrate motif		KKR..([s]).[RK][RK]
HPRD		HPRD_mTOR_1	mTOR kinase substrate motif		F([t])Y
HPRD		HPRD_Nek2_1	Nek 2 kinase substrate motif		IRRL([s])TRRR
HPRD		HPRD_NIMA_1	NIMA kinase substrate motif		[RN][FLM][RK][RK]([s])[RIVM][RIMV][MIFV][IFM]
HPRD		HPRD_NIMA_2	NIMA kinase substrate motif		FR.([st])
HPRD		HPRD_NIMA_3	NIMA kinase substrate motif		RF[RK][RK]([s])[RI][RI]MI
HPRD		HPRD_S6K1_1	p70 Ribosomal S6 kinase substrate motif		[RK].R..([st])[MLVI]
HPRD		HPRD_S6K1_2	p70 Ribosomal S6 kinase substrate motif		VFLGF([t])YVAP
HPRD		HPRD_PAK1_1	PAK1 kinase substrate motif		AKRRRLSS([s])LRA
HPRD		HPRD_PAK1_2	PAK1 kinase substrate motif		VRKR([t])LRRL
HPRD		HPRD_PAK2_1	PAK2 kinase substrate motif		[RK][R.].([st])
HPRD		HPRD_PDK1_1	PDK1 kinase substrate motif		F..F([st])[FY]
HPRD		HPRD_Phk_1	Phosphorylase kinase substrate motif		KRKQI([s])VR
HPRD		HPRD_Phk_2	Phosphorylase kinase substrate motif		[FMK][RK][MRQF][MFLI]S([s])[FIML][FRK][LI][FLI]
HPRD		HPRD_Phk_3	Phosphorylase kinase substrate motif		[KR]..([s])[VI]
HPRD		HPRD_Pim1_1	Pim1 kinase substrate sequence		[RK][RK][RK].([st]).
HPRD		HPRD_Pim2_1	Pim2 kinase substrate sequence		[RK][RKAQP][RK][RQHNY][PHK]([s])[GST][PSGQHST][SPQGD][TSPG]
HPRD		HPRD_PKA_1	PKA kinase substrate motif		RR.([s])[MILVFY]
HPRD		HPRD_PKA_2	PKA kinase substrate motif		R.([s])
HPRD		HPRD_PKA_3	PKA kinase substrate motif		KR..([s])
HPRD		HPRD_PKA_4	PKA kinase substrate motif		R..([s])
HPRD		HPRD_PKA_5	PKA kinase substrate motif		[RK].([st])
HPRD		HPRD_PKA_6	PKA kinase substrate motif		K..([st])
HPRD		HPRD_PKA_7	PKA kinase substrate motif		[RK][RK].([st])
HPRD		HPRD_PKA_8	PKA kinase substrate motif		K...([st])
HPRD		HPRD_PKA_9	PKA kinase substrate motif		([st]).[RK]
HPRD		HPRD_PKA_10	PKA kinase substrate motif		RRRR([s])IIFI
HPRD		HPRD_PKA_11	PKA kinase substrate motif		RR.([s])
HPRD		HPRD_PKA_12	PKA kinase substrate motif		R[RK].([st])[ILVFY][DC.].D
HPRD		HPRD_PKA_13	PKA kinase substrate motif		RR.([s])
HPRD		HPRD_PKA_14	PKA kinase substrate motif		RRR[RN]([s])II[FD]
HPRD		HPRD_PKA_15	PKA kinase substrate motif		[RCPK][RAP][RK][RKS][NLSMP]([s])[ILVC][SPHQ][SWQ][SLG]
HPRD		HPRD_PKA/PKG_1	PKA, PKG kinase substrate motif		R[RK].([st])[ND]
HPRD		HPRD_PKCa_1	PKC alpha kinase substrate motif		ARKG([s])LRQ
HPRD		HPRD_PKCa_2	PKC alpha kinase substrate motif		R[RF]RR[RK]G([s])F[RK][RK]
HPRD		HPRD_PKCb_1	PKC beta kinase substrate motif		[LRF][RK]R[KQ]G([s])[FM]KK.A
HPRD		HPRD_PKCd_1	PKC delta kinase substrate motif		R.RKG([s])F
HPRD		HPRD_PKCeps_1	PKC epsilon kinase substrate motif		KRQG([s])VRR
HPRD		HPRD_PKCeps_2	PKC epsilon kinase substrate motif		R[KER].([s])
HPRD		HPRD_PKCeta_1	PKC eta kinase substrate motif		AR..R[RK]R([s])FRR
HPRD		HPRD_PKCfam_1	PKC family kinase substrate motif		F..F[ST]([st])[FY]
HPRD		HPRD_PKCg_1	PKC gamma kinase substrate motif		RRRK[GK]([s])F[RK][RK]KA
HPRD		HPRD_PKC_1	PKC kinase substrate motif		.R..([s]).R.
HPRD		HPRD_PKC_2	PKC kinase substrate motif		([st]).[RK]
HPRD		HPRD_PKC_3	PKC kinase substrate motif		[RK]..([st])
HPRD		HPRD_PKC_4	PKC kinase substrate motif		[RK]..([st]).[RK]
HPRD		HPRD_PKC_5	PKC kinase substrate motif		[KR].([st])
HPRD		HPRD_PKC_6	PKC kinase substrate motif		[RK].([st]).[RK]
HPRD		HPRD_PKCm_1	PKC mu kinase substrate motif		[LV][VLA]R[QKE]M([s])
HPRD		HPRD_PKCth_1	PKC theta kinase substrate motif		[RFWM][WAKS][RSKH][RHSQ][RKNPGQ]([s])[IFRVKSLM][KMRST][RSKW][RKG]
HPRD		HPRD_PKCz_1	PKC zeta kinase substrate motif		F.R..([s])[FM][FM]
HPRD		HPRD_PKD_1	PKD kinase substrate motif		[LVI][RKQ][RK][RKTQM][NKRLMH]([s])[FWIMLV][SN][RSPYW][SRNL]
HPRD		HPRD_PKG_1	PKG kinase substrate motif		R[RK].([st])[ND]
HPRD		HPRD_PKR_1	PKR kinase substrate motif		R..([st]).R..R
HPRD		HPRD_PLK1_1	Plk1 kinase substrate motif		[DE].([st])[ILVM].[DE]
HPRD		HPRD_PDK_1	Pyruvate dehydrogenase kinase substrate motif		.([s])..D..
HPRD		HPRD_RAF1_1	RAF1 kinase substrate motif		PL([t])LP
HPRD		HPRD_RAF1_2	RAF1 kinase substrate motif		PLL([t])P
HPRD		HPRD_RAF1_3	RAF1 kinase substrate motif		PL([t])P
HPRD		HPRD_RAF1_4	RAF1 kinase substrate motif		P([t])LP
HPRD		HPRD_RAF1_5	RAF1 kinase substrate motif		PL([t])LP
HPRD		HPRD_RAF1_6	RAF1 kinase substrate motif		P([t])LP
HPRD		HPRD_RAF1_7	RAF1 kinase substrate motif		L([t])P
HPRD		HPRD_TGFb_1	TGF beta receptor kinase substrate motif		KKKKKK([st])...
HPRD		HPRD_TGFb_2	TGF beta receptor kinase substrate motif		[RKQN][MCW][RTSN][EDSN][RKEDN]([s])[SDE][SD][RN][NHSRC]
HPRD		HPRD_ZIP_1	ZIP kinase substrate motif		RR..([s])
HPRD		HPRD_ZIP_2	ZIP kinase substrate motif		KR.R([s])
HPRD		HPRD_ZIP_3	ZIP kinase substrate motif		KRR.([t])
HPRD		HPRD_DUSP1_1	Dual specificity protein phosphatase 1 substrate motif		([t])EY
HPRD		HPRD_DUSP6_1	Dual specificity protein phosphatase 6 substrate motif		([t]).Y
HPRD		HPRD_PP2A/C_1	PP2A, PP2C substrate motif		RRA([st])VA
HPRD		HPRD_PP2B_1	PP2B substrate motif		.R..([s])VA
HPRD		HPRD_PP2C_1	PP2C delta substrate motif		.([t]).Y.
HPRD		HPRD_14-3-3_1	14-3-3 domain binding motif		KCS([t])WP
HPRD		HPRD_14-3-3_2	14-3-3 domain binding motif		R..([s])
HPRD		HPRD_14-3-3_3	14-3-3 domain binding motif		R.R..([s]).P
HPRD		HPRD_14-3-3_4	14-3-3 domain binding motif		Y([t])V
HPRD		HPRD_14-3-3_5	14-3-3 domain binding motif		RS.([st]).P
HPRD		HPRD_14-3-3_6	14-3-3 domain binding motif		R.[YF].([s]).P
HPRD		HPRD_14-3-3_7	14-3-3 domain binding motif		RPVSSAA([s])VY
HPRD		HPRD_BARD1_1	BARD1 BRCT domain binding motif		([s])[DE][DE]E
HPRD		HPRD_Beta-TrCP1_1	Beta-TrCP1 domain binding motif		DSG..([s])
HPRD		HPRD_BRCA1_1	BRCA1 BRCT domain binding motif		([s])[FYH][VFY][FY]
HPRD		HPRD_CDC4-WD40_1	CDC4 WD40 domain binding motif		[IL][ILP]([t])P[RK]
HPRD		HPRD_Chk2-FHA_1	Chk2 FHA domain binding motif		HFD([t])YLI
HPRD		HPRD_FHA_1	FHA domain binding motif		[RDH][LY][LM][KA]([t])[QLMEV][KLIR]
HPRD		HPRD_MDC1_1	MDC1 BRCT domain binding motif		S([st]).
HPRD		HPRD_PIK1-PBD_1	Plk1 PBD domain binding motif		S([st]).
HPRD		HPRD_RAD9_1	RAD9 BRCT domain binding motif		([s])YII
HPRD		HPRD_WW_1	WW domain binding motif		([st])P
HPRD		HPRD_ABL_1	Abl kinase substrate motif		([y])M.M
HPRD		HPRD_ABL_2	Abl kinase substrate motif		EDAI([y])
HPRD		HPRD_ABL_3	Abl kinase substrate motif		.VI([y])AAPF
HPRD		HPRD_ABL_4	Abl kinase substrate motif		EAI([y])AAPF
HPRD		HPRD_ABL_5	Abl kinase substrate motif		EEIYEE([y])
HPRD		HPRD_ABL_6	Abl kinase substrate motif		EEI([y])EEY
HPRD		HPRD_ABL_7	Abl kinase substrate motif		E.I([y])..P.
HPRD		HPRD_ABL_8	Abl kinase substrate motif		EEI([y])YYVH
HPRD		HPRD_ABL_9	Abl kinase substrate motif		ERI([y])ARTK
HPRD		HPRD_ABL_10	Abl kinase substrate motif		AEV[IVLF]([y])AA[PF]F
HPRD		HPRD_ALK_1	ALK kinase substrate motif		([y])..YY
HPRD		HPRD_ALK_2	ALK kinase substrate motif		([y])[DE].[ILVM]
HPRD		HPRD_ALK_3	ALK kinase substrate motif		[DE]..([y])
HPRD		HPRD_ALK_4	ALK kinase substrate motif		([y])....[FY]
HPRD		HPRD_CSK_1	CSK kinase substrate motif		EE[DE]I([y])FFFF
HPRD		HPRD_CSK_2	CSK kinase substrate motif		...I([y])[MIF]FFF
HPRD		HPRD_EGFR_1	EGFR kinase substrate motif		EEEE([y])FELV
HPRD		HPRD_EGFR_2	EGFR kinase substrate motif		[EDRA][DE][DE][EDI]([y])[FVIE][EFD][LIFV]V
HPRD		HPRD_EGFR_3	EGFR kinase substrate motif		.[DE]([y]).
HPRD		HPRD_EGFR_4	EGFR kinase substrate motif		([y])IPP
HPRD		HPRD_EGFR_5	EGFR kinase substrate motif		.[DE]([y])[ILV]
HPRD		HPRD_Fes_1	Fes kinase substrate motif		EEEI([y])EEIE
HPRD		HPRD_Fes_2	Fes kinase substrate motif		[EAD][EA][EA][IEV]([y])[DE][DE][IVE][EIV]
HPRD		HPRD_FGFR_1	FGFR kinase substrate motif		EEE([y])FFLF
HPRD		HPRD_FGFR_2	FGFR kinase substrate motif		A[EA]EE([y])[FV]F[LFMIV]F
HPRD		HPRD_FGR_1	Fgr kinase substrate motif		ME[EN][IV]([y])[GE]IFF
HPRD		HPRD_IGF1_1	IGF1 receptor kinase substrate motif		KKKSPGE([y])VNIEFG
HPRD		HPRD_IRK_1	Insulin receptor kinase substrate motif		([y])M.M
HPRD		HPRD_IRK_2	Insulin receptor kinase substrate motif		EE[END]([y])[MF][MF][MFIE][MF]
HPRD		HPRD_IRK_3	Insulin receptor kinase substrate motif		.EEE([y])MMMM
HPRD		HPRD_IRK_4	Insulin receptor kinase substrate motif		KKSRGD([y])MTMQIG
HPRD		HPRD_IRK_5	Insulin receptor kinase substrate motif		KKKLPATGD([y])MNMSPVGD
HPRD		HPRD_JAK2_1	JAK2 kinase substrate motif		([y])..[LIV]
HPRD		HPRD_JNK_1	JNK kinase substrate motif		TP([y])
HPRD		HPRD_Lck_1	Lck kinase substrate motif		.E.I([y])GVLF
HPRD		HPRD_Lck_2	Lck kinase substrate motif		E.[IVLF]([y])[GA]V[LVFI][FLVI]
HPRD		HPRD_Lyn_1	Lyn kinase substrate motif		DEEI([y])[EG]EL.
HPRD		HPRD_Lyn_2	Lyn kinase substrate motif		[DE].......[DE]..([y])..L.......Y..[LI]
HPRD		HPRD_PDGFR_1	PDGFR kinase substrate motif		EEEE([y])VFI.
HPRD		HPRD_PDGFR_2	PDGFR kinase substrate motif		[LN][RI]T([y])
HPRD		HPRD_PDGFR_3	PDGFR kinase substrate motif		[DE][DE][DE][DE]([y])[VEI]F[IVF]
HPRD		HPRD_SRCfam_1	Src family kinase substrate motif		[DE].......[DE]..([y])..L.......Y..[LI]
HPRD		HPRD_SRCfam_2	Src family kinase substrate motif		[IVLS].([y])..[LI]
HPRD		HPRD_SRC_1	Src kinase substrate motif		([y])M.M
HPRD		HPRD_SRC_2	Src kinase substrate motif		YI([y])GSFK
HPRD		HPRD_SRC_3	Src kinase substrate motif		EEEI([y])[GE]EFD
HPRD		HPRD_SRC_4	Src kinase substrate motif		D[DE][EDG][IVL]([y])[GE]E[FI]F
HPRD		HPRD_SRC_5	Src kinase substrate motif		[DE].......[DE]..([y])..L.......Y..[LI]
HPRD		HPRD_SRC_6	Src kinase substrate motif		[DE][DE][EDG][IVL]([y])[GED]E[FILV][DE]
HPRD		HPRD_SRC_7	Src kinase substrate motif		([y])[AGSTDE]
HPRD		HPRD_SYK_1	Syk kinase substrate motif		[EDTY].([y])EE
HPRD		HPRD_PTP1B_1	PTP1B phosphatase substrate motif		[DE]Y([y])[RK]
HPRD		HPRD_PTP1B_2	PTP1B phosphatase substrate motif		[DE]([y])Y[RK]
HPRD		HPRD_PTP1B_3	PTP1B phosphatase substrate motif		EF([y])[GA]TY[GA]
HPRD		HPRD_PTP1B_4	PTP1B phosphatase substrate motif		E[YFD]([y])M
HPRD		HPRD_PTP1B_5	PTP1B phosphatase substrate motif		[EP][MLIVF]([y])[GA].[MLIVFY]A
HPRD		HPRD_PTP1B_6	PTP1B phosphatase substrate motif		RD.Y.TDY([y])R
HPRD		HPRD_PTP1B_7	PTP1B phosphatase substrate motif		E[FDY]([y])
HPRD		HPRD_PTP1B/TC-PTP_1	PTP1B, TC-PTP phosphatase substrate motif		DY([y])R
HPRD		HPRD_PTP1B/TC-PTP_2	PTP1B, TC-PTP phosphatase substrate motif		D([y])YR
HPRD		HPRD_PTPRH_1	PTPRH phosphatase substrate motif		[DE]F([y])[GA][FY][AG]
HPRD		HPRD_PTPRJ_1	PTPRJ phosphatase substrate motif		F[MLVI]([y])
HPRD		HPRD_SHP1_1	SHP1 phosphatase substrate motif		[DE].[LIV].([y])..[LIV]
HPRD		HPRD_SHP1_2	SHP1 phosphatase substrate motif		[DE].[LIV]..([y])..[LIV]
HPRD		HPRD_SHP1_3	SHP1 phosphatase substrate motif		[DE][DE][DE]L.([y])..[FMLVI][DE]
HPRD		HPRD_SHP1_4	SHP1 phosphatase substrate motif		[DE].([y])
HPRD		HPRD_SHP1_5	SHP1 phosphatase substrate motif		[EP][FIL]Y([y])A.[FILV]
HPRD		HPRD_SHP2_1	SHP2 phosphatase substrate motif		([y])IDL
HPRD		HPRD_SHP2_2	SHP2 phosphatase substrate motif		([y])ASI
HPRD		HPRD_SHP2_3	SHP2 phosphatase substrate motif		EF([y])A.[VI]G[RKH]S
HPRD		HPRD_TC-PTP_1	TC-PTP phosphatase substrate motif		[DE][DE]...([y])VA
HPRD		HPRD_TC-PTP_2	TC-PTP phosphatase substrate motif		[EDY]([y])
HPRD		HPRD_3BP2-SH2_1	3BP2 SH2 domain binding motif		([y])[EMV][NVI]
HPRD		HPRD_Abl-SH2_1	Abl SH2 domain binding motif		([y])ENP
HPRD		HPRD_Crk-SH2_1	Crk SH2 domain binding motif		([y])..P
HPRD		HPRD_Crk-SH2_2	Crk SH2 domain binding motif		([y])DHP
HPRD		HPRD_Csk-SH2_1	Csk SH2 domain binding motif		([y])[TAS][KRQN][MIVR]
HPRD		HPRD_Grb2-SH2_1	Grb2 SH2 domain binding motif		([y])[YIV]N[FLIV]
HPRD		HPRD_Fes-SH2_1	Fes SH2 domain binding motif		([y])E.[VI]
HPRD		HPRD_Fgr-SH2_1	Fgr SH2 domain binding motif		([y])EE[IV]
HPRD		HPRD_Fyn-SH2_1	Fyn SH2 domain binding motif		([y])EDP
HPRD		HPRD_GRB2/3BP2/Csk/Fes/Syk_1-SH2	GRB2, 3BP2, Csk, Fes, Syk C-terminal SH2 domain binding motif		Y([y])[MILV].[MILV]
HPRD		HPRD_Grb2-SH2_1	Grb2 SH2 domain binding motif		([y])[QYV]N[YQF]
HPRD		HPRD_Grb2-SH2_2	Grb2 SH2 domain binding motif		([y]).N
HPRD		HPRD-GRB7/10-SH2_1	GRB7, GRB10 SH2 domain binding motif		[FY]([y])[ETYS]N[ILVPTYS]
HPRD		HPRD_HCP-SH2_1	HCP SH2 domain binding motif		([y])F.[FPLY]
HPRD		HPRD_Itk-SH2_1	Itk SH2 domain binding motif		([y])[AEV][YFESNV][PFIH]
HPRD		HPRD_Lck/Src-SH2_1	Lck and Src SH2 domain binding motif		([y])DYV
HPRD		HPRD_Nck-SH2	Nck SH2 domain binding motif		([y])DEP
HPRD		HPRD_PI3K-SH2_1	PI3 kinase p85 SH2 domain binding motif		([y])M.M
HPRD		HPRD_PI3K-SH2_2	PI3 kinase p85 SH2 domain binding motif		([y])..M
HPRD		HPRD_PI3K-SH2_3	PI3 kinase p85 SH2 domain binding motif		([y])MPMS
HPRD		HPRD_PLCgC-SH2_1	PLCgamma C and N-terminal SH2 domain binding motif		([y])[LIV]E[LIV]
HPRD		HPRD_RasGAP-C_1	RasGAP C-terminal SH2 domain binding motif		([y])..P
HPRD		HPRD_RasGAP-N_1	RasGAP N-terminal SH2 domain binding motif		([y])ILV.[MLIVP]
HPRD		HPRD_SAP/EAT2-SH2_1	SAP and EAT2 SH2 domain binding motif		TI([y])..[VI]
HPRD		HPRD_Sem5-SH2_1	Sem5 SH2 domain binding motif		([y])[LV]N[VP]
HPRD		HPRD_Shb-SH2_1	Shb SH2 domain binding motif		([y])[TVI].L
HPRD		HPRD_SHC-SH2_1	SHC SH2 domain binding motif		([y])[IEYL].[ILM]
HPRD		HPRD_SHIP2-SH2_1	SHIP2 SH2 domain binding motif		[IVLS].([y])..[LI]
HPRD		HPRD_SHP1-C-SH2_1	SHP1 C-terminal SH2 domain binding motif		[VIL].([y])A.[LV]
HPRD		HPRD_SHP1-C-SH2_2	SHP1 C-terminal SH2 domain binding motif		..([y])YM[KR]
HPRD		HPRD_SHP1-N-SH2_1	SHP1 N-terminal SH2 domain binding motif		L[YH]([y])[MF].[FM]
HPRD		HPRD_SHP1-N-SH2_2	SHP1 N-terminal SH2 domain binding motif		L.([y])A.L
HPRD		HPRD_SHP1-SH2_1	SHP1 SH2 domain binding motif		[IV].([y])..[LV]
HPRD		HPRD_SHP1/2-SH2_1	SHP1, SHP2 SH2 domain binding motif		[VIL].([y])[MLF].P
HPRD		HPRD_SHP2-CSH2_1	SHP2 CSH2 domain binding motif		[TVIY].([y])[ASTV].[IVL]
HPRD		HPRD_SHP2-C-SH2_1	SHP2 C-terminal SH2 domain binding motif		[ILV][ILV][ILVFTY]([y])[TILV][IL][ILVP]
HPRD		HPRD_SHP2-N-SH2_1	SHP2 N-terminal SH2 domain binding motif		[HF].V.[TSA]([y])
HPRD		HPRD_SHP2-N-SH2_2	SHP2 N-terminal SH2 domain binding motif		[IVL].([y])[FM].P
HPRD		HPRD_SHP2-N-SH2_3	SHP2 N-terminal SH2 domain binding motif		([y])[IV].[IV]
HPRD		HPRD_SHP2-N-SH2_4	SHP2 N-terminal SH2 domain binding motif		[ILVM].([y])[TVA].[IVLF]
HPRD		HPRD_SHP2-N-SH2_5	SHP2 N-terminal SH2 domain binding motif		[IV].([y])[LMT]Y[APT]SG
HPRD		HPRD_SHP2-N-SH2_6	SHP2 N-terminal SH2 domain binding motif		W[MTV]([y])[YR][IL].
HPRD		HPRD_SHP2/PLCg-SH2_1	SHP2, PLCgamma SH2 domain binding motifs		([y])IPP
HPRD		HPRD_Src/Abl-SH2_1	Src and Abl SH2 domain binding motif		([y])M.M
HPRD		HPRD_Src/Fyn/Lck/Fgr/Abl/Crk/Nck-SH2_1	Src, Fyn, Lck, Fgr, Abl, Crk, Nck SH2 domain binding motif		([y])[RKHQED][RKHQED][IP]
HPRD		HPRD_Src/Fyn/Csk/Nck/SHC-SH2_1	Src, Fyn,Csk, Nck and SHC SH2 domain binding motif		PP.([y])
HPRD		HPRD_Src/Lck/Fyn-SH2_1	Src,Lck and Fyn SH2 domains binding motif		([y])EEI
HPRD		HPRD_STAT1-SH2_1	STAT1 SH2 domain binding motif		([y])[DE][PR][RPQ]
HPRD		HPRD_STAT3-SH2_1	STAT3 SH2 domain binding motif		([y])..Q
HPRD		HPRD_STAT3-SH2_2	STAT3 SH2 domain binding motif		([y])[MLVIF][PRKH]Q
HPRD		HPRD_Syk-C-SH2_1	Syk C-terminal SH2 domain binding motif		([y])[QTE][EQ][LI]
HPRD		HPRD_Syk-N-SH2_1	Syk N-terminal SH2 domain binding motif		([y])TT[ILM]
HPRD		HPRD_Syk/ZAP70/Shc/Lyn-SH2_1	Syk, ZAP-70, Shc, Lyn SH2 domain binding motif		[DE].......[DE]..([y])..L.......Y..[LI]
HPRD		HPRD_Tensin-SH2_1	Tensin SH2 domain binding motif		([y])EN[FIV]
HPRD		HPRD_Vav-SH2_1	Vav SH2 domain binding motif		([y])[MLE]EP
HPRD		HPRD_Vav-SH2_2	Vav SH2 domain binding motif		([y])ESP
HPRD		HPRD_Cbl-PTB_1	Cbl PTB domain binding motif		D[ND].([y])
HPRD		HPRD_Dok1-PTB_1	Dok1 PTB domain binding motif		N.L([y])
HPRD		HPRD_FRIP-PTB_1	FRIP PTB domain binding motif		N..([y])
HPRD		HPRD_Shc-PTB_1	Shc PTB domain binding motif		NP.([y])
HPRD		HPRD_Shb-PTB_1	Shb PTB domain binding motif		DD.([y])
HPRD		HPRD_ShcA-PTB_1	ShcA PTB domain binding motif		NP.([y])F.R
HPRD		HPRD_ShcC-PTB_1	ShcC PTB domain binding motif		HN[MLVI][MLVIN]NP[ST]([y])
